{"cameraMode":{"drawMode":0,"name":"Shaded","section":"Shading Mode"},"sceneLighting":true,"audioPlay":false,"sceneViewState":{"showFog":true,"showMaterialUpdate":false,"showSkybox":true,"showFlares":true,"showImageEffects":true,"showParticleSystems":true},"in2DMode":false,"pivot":{"x":-2.6183013916015627,"y":-0.7297830581665039,"z":1.2186163663864136},"rotation":{"x":-0.1355927586555481,"y":0.7201094627380371,"z":-0.1469552367925644,"w":-0.6644254326820374},"size":12.829726219177246,"orthographic":false}